<?xml version="1.0"?>
<!--
  ~ Copyright (c) 2021, 2022 Oracle and/or its affiliates.
  ~
  ~ Licensed under the Universal Permissive License v 1.0 as shown at
  ~ https://oss.oracle.com/licenses/upl.
  -->
<pof-config xmlns:xsi="http://www.w3.org/2001/XMLSchema-instance"
            xmlns="http://xmlns.oracle.com/coherence/coherence-pof-config"
            xsi:schemaLocation="http://xmlns.oracle.com/coherence/coherence-pof-config coherence-pof-config.xsd">
  <user-type-list>
    <include>coherence-pof-config.xml</include>

    <!-- atomics (960 - 969) -->
    <user-type>
      <type-id>960</type-id>
      <class-name>java.util.concurrent.atomic.AtomicBoolean</class-name>
      <serializer>
        <class-name>com.oracle.coherence.concurrent.atomic.AtomicBoolean$Serializer</class-name>
      </serializer>
    </user-type>

    <user-type>
      <type-id>961</type-id>
      <class-name>java.util.concurrent.atomic.AtomicInteger</class-name>
      <serializer>
        <class-name>com.oracle.coherence.concurrent.atomic.AtomicInteger$Serializer</class-name>
      </serializer>
    </user-type>

    <user-type>
      <type-id>962</type-id>
      <class-name>java.util.concurrent.atomic.AtomicLong</class-name>
      <serializer>
        <class-name>com.oracle.coherence.concurrent.atomic.AtomicLong$Serializer</class-name>
      </serializer>
    </user-type>

    <user-type>
      <type-id>963</type-id>
      <class-name>java.util.concurrent.atomic.AtomicMarkableReference</class-name>
      <serializer>
        <class-name>com.oracle.coherence.concurrent.atomic.AtomicMarkableReference$Serializer</class-name>
      </serializer>
    </user-type>

    <user-type>
      <type-id>964</type-id>
      <class-name>java.util.concurrent.atomic.AtomicReference</class-name>
      <serializer>
        <class-name>com.oracle.coherence.concurrent.atomic.AtomicReference$Serializer</class-name>
      </serializer>
    </user-type>

    <user-type>
      <type-id>965</type-id>
      <class-name>java.util.concurrent.atomic.AtomicStampedReference</class-name>
      <serializer>
        <class-name>com.oracle.coherence.concurrent.atomic.AtomicStampedReference$Serializer</class-name>
      </serializer>
    </user-type>

    <!-- locks, latches, and semaphores (970 - 980) -->

    <user-type>
      <type-id>970</type-id>
      <class-name>com.oracle.coherence.concurrent.locks.LockOwner</class-name>
    </user-type>
    <user-type>
      <type-id>971</type-id>
      <class-name>com.oracle.coherence.concurrent.locks.internal.ExclusiveLockHolder</class-name>
    </user-type>
    <user-type>
      <type-id>972</type-id>
      <class-name>com.oracle.coherence.concurrent.locks.internal.ExclusiveLockHolder$RemoveLocks</class-name>
    </user-type>
    <user-type>
      <type-id>973</type-id>
      <class-name>com.oracle.coherence.concurrent.locks.internal.ReadWriteLockHolder</class-name>
    </user-type>
    <user-type>
      <type-id>974</type-id>
      <class-name>com.oracle.coherence.concurrent.locks.internal.ReadWriteLockHolder$RemoveLocks</class-name>
    </user-type>
    <user-type>
      <type-id>975</type-id>
      <class-name>com.oracle.coherence.concurrent.internal.LatchCounter</class-name>
    </user-type>
    <user-type>
      <type-id>976</type-id>
      <class-name>com.oracle.coherence.concurrent.PermitAcquirer</class-name>
    </user-type>
    <user-type>
      <type-id>977</type-id>
      <class-name>com.oracle.coherence.concurrent.internal.SemaphoreStatus</class-name>
    </user-type>
    <user-type>
      <type-id>978</type-id>
      <class-name>com.oracle.coherence.concurrent.internal.SemaphoreStatus$RemovePermits</class-name>
    </user-type>

    <!-- executor (270 - 299, 821-829, 870-899) -->

    <user-type>
      <type-id>270</type-id>
      <class-name>com.oracle.coherence.concurrent.executor.tasks.ValueTask</class-name>
    </user-type>
    <user-type>
      <type-id>271</type-id>
      <class-name>com.oracle.coherence.concurrent.executor.tasks.CronTask</class-name>
    </user-type>
    <user-type>
      <type-id>272</type-id>
      <class-name>com.oracle.coherence.concurrent.executor.tasks.internal.CallableTask</class-name>
    </user-type>
    <user-type>
      <type-id>273</type-id>
      <class-name>com.oracle.coherence.concurrent.executor.tasks.internal.RunnableTask</class-name>
    </user-type>
    <user-type>
      <type-id>274</type-id>
      <class-name>com.oracle.coherence.concurrent.executor.tasks.internal.RunnableWithResultTask</class-name>
    </user-type>
    <user-type>
      <type-id>275</type-id>
      <class-name>com.oracle.coherence.concurrent.executor.tasks.internal.ScheduledCallableTask</class-name>
    </user-type>
    <user-type>
      <type-id>276</type-id>
      <class-name>com.oracle.coherence.concurrent.executor.tasks.internal.ScheduledRunnableTask</class-name>
    </user-type>
    <user-type>
      <type-id>277</type-id>
      <class-name>com.oracle.coherence.concurrent.executor.RecoveringTask</class-name>
    </user-type>

    <user-type>
      <type-id>278</type-id>
      <class-name>com.oracle.coherence.concurrent.executor.util.OptionsByType</class-name>
    </user-type>
    <user-type>
      <type-id>279</type-id>
      <class-name>com.oracle.coherence.concurrent.executor.util.OptionsByType$EmptyOptionsByType</class-name>
    </user-type>
    <user-type>
      <type-id>280</type-id>
      <class-name>com.oracle.coherence.concurrent.executor.options.ClusterMember</class-name>
    </user-type>
    <user-type>
      <type-id>281</type-id>
      <class-name>com.oracle.coherence.concurrent.executor.options.Member</class-name>
    </user-type>
    <user-type>
      <type-id>282</type-id>
      <class-name>com.oracle.coherence.concurrent.executor.options.Storage</class-name>
    </user-type>
    <user-type>
      <type-id>283</type-id>
      <class-name>com.oracle.coherence.concurrent.executor.options.Debugging</class-name>
    </user-type>
    <user-type>
      <type-id>284</type-id>
      <class-name>com.oracle.coherence.concurrent.executor.options.Role</class-name>
    </user-type>
    <user-type>
      <type-id>285</type-id>
      <class-name>com.oracle.coherence.concurrent.executor.options.Name</class-name>
    </user-type>
    <user-type>
      <type-id>286</type-id>
      <class-name>com.oracle.coherence.concurrent.executor.options.Description</class-name>
    </user-type>

    <user-type>
      <type-id>287</type-id>
      <class-name>com.oracle.coherence.concurrent.executor.ClusteredExecutorInfo</class-name>
    </user-type>
    <user-type>
      <type-id>288</type-id>
      <class-name>com.oracle.coherence.concurrent.executor.ClusteredExecutorInfo$SetStateProcessor</class-name>
    </user-type>
    <user-type>
      <type-id>289</type-id>
      <class-name>com.oracle.coherence.concurrent.executor.ClusteredExecutorInfo$UpdateInfoProcessor</class-name>
    </user-type>
    <user-type>
      <type-id>290</type-id>
      <class-name>com.oracle.coherence.concurrent.executor.ClusteredExecutorInfo$TouchProcessor
      </class-name>
    </user-type>
    <user-type>
      <type-id>292</type-id>
      <class-name>com.oracle.coherence.concurrent.executor.TaskExecutorService$ExecutorInfo$State</class-name>
      <serializer>
        <class-name>com.tangosol.io.pof.EnumPofSerializer</class-name>
      </serializer>
    </user-type>
    <user-type>
      <type-id>293</type-id>
      <class-name>com.oracle.coherence.concurrent.executor.ClusteredTaskManager</class-name>
    </user-type>
    <user-type>
      <type-id>294</type-id>
      <class-name>com.oracle.coherence.concurrent.executor.ClusteredTaskManager$NotifyExecutionStrategyProcessor</class-name>
    </user-type>
    <user-type>
      <type-id>295</type-id>
      <class-name>com.oracle.coherence.concurrent.executor.ClusteredTaskManager$ChainedProcessor</class-name>
    </user-type>
    <user-type>
      <type-id>296</type-id>
      <class-name>com.oracle.coherence.concurrent.executor.ClusteredTaskManager$UpdateExecutionPlanProcessor</class-name>
    </user-type>
    <user-type>
      <type-id>297</type-id>
      <class-name>com.oracle.coherence.concurrent.executor.ClusteredTaskManager$OptimizeExecutionPlanProcessor</class-name>
    </user-type>
    <user-type>
      <type-id>298</type-id>
      <class-name>com.oracle.coherence.concurrent.executor.ClusteredTaskManager$UpdateContributedResultProcessor</class-name>
    </user-type>
    <user-type>
      <type-id>299</type-id>
      <class-name>com.oracle.coherence.concurrent.executor.ClusteredTaskManager$UpdateCollectedResultProcessor</class-name>
    </user-type>
    <user-type>
      <type-id>821</type-id>
      <class-name>com.oracle.coherence.concurrent.executor.ClusteredTaskManager$SetActionProcessor</class-name>
    </user-type>
    <user-type>
      <type-id>822</type-id>
      <class-name>com.oracle.coherence.concurrent.executor.ClusteredTaskManager$CancellationProcessor</class-name>
    </user-type>
    <user-type>
      <type-id>823</type-id>
      <class-name>com.oracle.coherence.concurrent.executor.ClusteredTaskManager$State</class-name>
      <serializer>
        <class-name>com.tangosol.io.pof.EnumPofSerializer</class-name>
      </serializer>
    </user-type>
    <user-type>
      <type-id>824</type-id>
      <class-name>com.oracle.coherence.concurrent.executor.StandardExecutionStrategy</class-name>
    </user-type>
    <user-type>
      <type-id>825</type-id>
      <class-name>com.oracle.coherence.concurrent.executor.MutableExecutionPlan</class-name>
    </user-type>
    <user-type>
      <type-id>826</type-id>
      <class-name>com.oracle.coherence.concurrent.executor.processors.LocalOnlyProcessor</class-name>
    </user-type>
    <user-type>
      <type-id>827</type-id>
      <class-name>com.oracle.coherence.concurrent.executor.ExecutionPlan$Action</class-name>
      <serializer>
        <class-name>com.tangosol.io.pof.EnumPofSerializer</class-name>
      </serializer>
    </user-type>
    <user-type>
      <type-id>828</type-id>
      <class-name>com.oracle.coherence.concurrent.executor.ClusteredAssignment</class-name>
    </user-type>
    <user-type>
      <type-id>829</type-id>
      <class-name>com.oracle.coherence.concurrent.executor.ClusteredAssignment$AssignmentProcessor</class-name>
    </user-type>
    <user-type>
      <type-id>870</type-id>
      <class-name>com.oracle.coherence.concurrent.executor.ClusteredAssignment$SetStateProcessor</class-name>
    </user-type>
    <user-type>
      <type-id>871</type-id>
      <class-name>com.oracle.coherence.concurrent.executor.ClusteredAssignment$State</class-name>
      <serializer>
        <class-name>com.tangosol.io.pof.EnumPofSerializer</class-name>
      </serializer>
    </user-type>
    <user-type>
      <type-id>872</type-id>
      <class-name>com.oracle.coherence.concurrent.executor.ClusteredProperties</class-name>
    </user-type>
    <user-type>
      <type-id>873</type-id>
      <class-name>com.oracle.coherence.concurrent.executor.ClusteredProperties$PropertyKey</class-name>
    </user-type>
    <user-type>
      <type-id>874</type-id>
      <class-name>com.oracle.coherence.concurrent.executor.ClusteredProperties$PropertyValue</class-name>
    </user-type>
    <user-type>
      <type-id>875</type-id>
      <class-name>com.oracle.coherence.concurrent.executor.internal.ClusteredTaskInterceptor$SetTaskStateProcessor</class-name>
    </user-type>
    <user-type>
      <type-id>876</type-id>
      <class-name>com.oracle.coherence.concurrent.executor.internal.ClusteredTaskInterceptor$SequenceComparator</class-name>
    </user-type>

    <user-type>
      <type-id>877</type-id>
      <class-name>com.oracle.coherence.concurrent.executor.function.Predicates$AlwaysPredicate</class-name>
    </user-type>
    <user-type>
      <type-id>878</type-id>
      <class-name>com.oracle.coherence.concurrent.executor.function.Predicates$EqualToPredicate</class-name>
    </user-type>
    <user-type>
      <type-id>879</type-id>
      <class-name>com.oracle.coherence.concurrent.executor.function.Predicates$IsValuePredicate</class-name>
    </user-type>
    <user-type>
      <type-id>880</type-id>
      <class-name>com.oracle.coherence.concurrent.executor.function.Predicates$NegatePredicate</class-name>
    </user-type>
    <user-type>
      <type-id>881</type-id>
      <class-name>com.oracle.coherence.concurrent.executor.function.Predicates$NeverPredicate</class-name>
    </user-type>
    <user-type>
      <type-id>882</type-id>
      <class-name>com.oracle.coherence.concurrent.executor.function.Predicates$NullValuePredicate</class-name>
    </user-type>
    <user-type>
      <type-id>883</type-id>
      <class-name>com.oracle.coherence.concurrent.executor.function.Predicates$OptionPredicate</class-name>
    </user-type>
    <user-type>
      <type-id>884</type-id>
      <class-name>com.oracle.coherence.concurrent.executor.function.Predicates$RolePredicate</class-name>
    </user-type>
    <user-type>
      <type-id>885</type-id>
      <class-name>com.oracle.coherence.concurrent.executor.function.Predicates$ThrowablePredicate</class-name>
    </user-type>

    <user-type>
      <type-id>886</type-id>
      <class-name>com.oracle.coherence.concurrent.executor.ConditionalCollector</class-name>
    </user-type>
    <user-type>
      <type-id>887</type-id>
      <class-name>com.oracle.coherence.concurrent.executor.TaskCollectors$FirstOfCollector</class-name>
    </user-type>
    <user-type>
      <type-id>888</type-id>
      <class-name>com.oracle.coherence.concurrent.executor.TaskCollectors$LastOfCollector</class-name>
    </user-type>
    <user-type>
      <type-id>889</type-id>
      <class-name>com.oracle.coherence.concurrent.executor.Result</class-name>
    </user-type>
    <user-type>
      <type-id>890</type-id>
      <class-name>com.oracle.coherence.concurrent.executor.TaskCollectors$CountCollector</class-name>
    </user-type>
    <user-type>
      <type-id>891</type-id>
      <class-name>com.oracle.coherence.concurrent.executor.TaskCollectors$ListOfCollector</class-name>
    </user-type>
    <user-type>
      <type-id>892</type-id>
      <class-name>com.oracle.coherence.concurrent.executor.TaskCollectors$SetOfCollector</class-name>
    </user-type>

    <user-type>
      <type-id>893</type-id>
      <class-name>com.oracle.coherence.concurrent.executor.internal.LiveObjectEventInterceptor$MemberAwareProcessor</class-name>
    </user-type>
    <user-type>
      <type-id>894</type-id>
      <class-name>com.oracle.coherence.concurrent.executor.internal.LiveObjectEventInterceptor$ExpiredProcessor</class-name>
    </user-type>

    <user-type>
      <type-id>895</type-id>
      <class-name>com.oracle.coherence.concurrent.executor.ClusteredProperties$SetPropertyValueProcessor</class-name>
    </user-type>

  </user-type-list>
</pof-config>