<?xml version="1.0" encoding="UTF-8"?>

<!DOCTYPE connector PUBLIC 
  '-//Sun Microsystems, Inc.//DTD Connector 1.0//EN' 
  'http://java.sun.com/dtd/connector_1_0.dtd'>
  
<connector>
  <display-name>CoherenceTx</display-name>
  <description>Resource adapter for Tangosol Coherence(tm) clustered cache</description>
  <vendor-name>Tangosol</vendor-name>
  <spec-version>1.0</spec-version>
  <eis-type>Clustered Cache</eis-type>
  <version>2.4</version>
  <resourceadapter>
    <managedconnectionfactory-class>com.tangosol.coherence.ra.component.connector.resourceAdapter.cciAdapter.CacheAdapter</managedconnectionfactory-class>
    <connectionfactory-interface>javax.resource.cci.ConnectionFactory</connectionfactory-interface>
    <connectionfactory-impl-class>com.tangosol.coherence.ra.component.connector.resourceAdapter.cciAdapter.CacheAdapter$ConnectionFactory</connectionfactory-impl-class>
    <connection-interface>javax.resource.cci.Connection</connection-interface>
    <connection-impl-class>com.tangosol.coherence.ra.component.connector.resourceAdapter.cciAdapter.CacheAdapter$ManagedConnection$Connection</connection-impl-class>
    <transaction-support>LocalTransaction</transaction-support>
    
    <!-- config-property>
      <config-property-name></config-property-name>
      <config-property-type></config-property-type>
      <config-property-value></config-property-value>
    </config-property-->

    <authentication-mechanism>
      <authentication-mechanism-type>BasicPassword</authentication-mechanism-type>
      <credential-interface>javax.resource.security.PasswordCredential</credential-interface>
    </authentication-mechanism>
    <reauthentication-support>false</reauthentication-support>
  </resourceadapter>
</connector>
