<?xml version='1.0'?>

<!--
Copyright 2001-2004 by Tangosol, Inc.  All rights reserved.

This software is the confidential and proprietary information of
Tangosol, Inc.  You shall not disclose such confidential and pro-
prietary information and shall use it only in accordance with the
terms of the license agreement you entered into with Tangosol, Inc.

Tangosol, Inc. makes no representations or warranties about the suit-
ability of the software, either express or implied, including but not
limited to the implied warranties of merchantability, fitness for a
particular purpose, or non-infringement.  Tangosol, Inc. shall not be
liable for any damages suffered by licensee as a result of using,
modifying or distributing this software or its derivatives.

Tangosol, Inc. is located at http://www.tangosol.com and can be
contacted by e-mail at info@tangosol.com.

This notice may not be removed or altered.
-->

<!DOCTYPE coherence PUBLIC
"-//Tangosol, Inc.//DTD Tangosol Coherence 2.5//EN"
"http://www.tangosol.com/dtd/coherence_2_5.dtd">

<!--
Note: This XML is set up for evaluation and development; search for "Note:"
to find specific notes on changes suggested for production use. 
-->

<coherence xml-override="/tangosol-coherence-override.xml">
  <cluster-config>
    <unicast-listener>
      <machine-id></machine-id>

      <!--
      Note: The "localhost" setting may not work on systems that define
      localhost as the loopback address; in that case, specify the machine
      name or the specific IP address.
      -->
      <address system-property="tangosol.coherence.localhost">localhost</address>

      <port system-property="tangosol.coherence.localport">8088</port>
      <port-auto-adjust system-property="tangosol.coherence.localport">true</port-auto-adjust>
      <ignore-socket-closed>false</ignore-socket-closed>
      <maximum-socket-closed-exceptions>4</maximum-socket-closed-exceptions>
      <packet-buffer>
        <maximum-packets>64</maximum-packets>
      </packet-buffer>
      <priority>8</priority>
    </unicast-listener>

    <multicast-listener>
      <address system-property="tangosol.coherence.clusteraddress">224.2.5.0</address>
      <port system-property="tangosol.coherence.clusterport">25290</port>

      <!--
      Note: For production use, this value should be set to the lowest integer
      value that works. On a single server cluster, it should work at "0"; on
      a simple switched backbone, it should work at "1"; on an advanced backbone
      with intelligent switching, it may require a value of "2" or more. Setting
      the value too high can utilize unnecessary bandwidth on other LAN segments
      and can even cause the OS or network devices to disable multicast traffic. 
      -->
      <time-to-live system-property="tangosol.coherence.ttl">4</time-to-live>

      <packet-buffer>
        <maximum-packets>64</maximum-packets>
      </packet-buffer>
      <priority>8</priority>

      <!--
      Note: For production use, the recommended value is 30000.
      -->
      <join-timeout-milliseconds>6000</join-timeout-milliseconds>

      <multicast-threshold-percent>25</multicast-threshold-percent>
    </multicast-listener>

    <tcp-ring-listener>
      <!--
      Note: When encountering problems getting Coherence running on a system,
      we suggest that this value be set to "false" until all other issues are
      resolved in order to simplify trouble-shooting.
      -->
      <enabled system-property="tangosol.coherence.tcpring">true</enabled>

      <maximum-socket-closed-exceptions>2</maximum-socket-closed-exceptions>
      <priority>6</priority>
    </tcp-ring-listener>

    <shutdown-listener>
      <!--
      Note: For production use, the suggested value is "false" unless testing
      has verified that the behavior on external shutdown is exactly what is
      desired. External shutdown includes "kill -9" on Linux and Unix, and
      "Ctrl-C" on Windows, Linux and Unix. 
      -->
      <enabled system-property="tangosol.coherence.shutdownhook">true</enabled>
    </shutdown-listener>

    <packet-publisher>
      <packet-size>
        <maximum-length>1468</maximum-length>
        <preferred-length>1468</preferred-length>
      </packet-size>
      <packet-delivery>
        <resend-milliseconds>200</resend-milliseconds>

        <!--
        Note: For production use, the recommended value is the greater of 60000
        and two times the maximum expected full GC duration.
        -->
        <timeout-milliseconds>60000</timeout-milliseconds>

        <heartbeat-milliseconds>1000</heartbeat-milliseconds>
      </packet-delivery>
      <notification-queueing>
        <ack-delay-milliseconds>64</ack-delay-milliseconds>
        <nack-delay-milliseconds>16</nack-delay-milliseconds>
      </notification-queueing>
      <burst-mode>
        <maximum-packets>256</maximum-packets>
        <pause-milliseconds>8</pause-milliseconds>
      </burst-mode>
      <traffic-jam>
        <maximum-packets>1024</maximum-packets>
        <pause-milliseconds>32</pause-milliseconds>
      </traffic-jam>
      <packet-buffer>
        <maximum-packets>8</maximum-packets>
      </packet-buffer>
      <priority>6</priority>
    </packet-publisher>

    <incoming-message-handler>
      <maximum-time-variance>16</maximum-time-variance>
      <use-nack-packets>true</use-nack-packets>
      <priority>7</priority>
    </incoming-message-handler>

    <outgoing-message-handler>
      <use-daemon>false</use-daemon>

      <!--
      Note: Uncomment the following section to activate gzip compression
      for all network messages, which can help substantially with WAN
      and low-bandwidth networks; for more information, see:
         http://www.tangosol.com/faq-coherence.jsp#filterconfig
      -->
      <use-filters>
        <!-- <filter-name>gzip</filter-name> -->
      </use-filters>

      <priority>7</priority>
    </outgoing-message-handler>

    <authorized-hosts>
      <host-address></host-address>
      <host-range>
        <from-address></from-address>
        <to-address></to-address>
      </host-range>
    </authorized-hosts>

    <services>
      <service id="1">
        <service-type>ReplicatedCache</service-type>
        <service-component>ReplicatedCache</service-component>
        <use-filters>
          <filter-name/>
        </use-filters>
        <init-params>
          <init-param id="1">
            <param-name>standard-lease-milliseconds</param-name>
            <param-value>0</param-value>
          </init-param>
          <init-param id="2">
            <param-name>lease-granularity</param-name>
            <param-value>thread</param-value>
          </init-param>
          <init-param id="3">
            <param-name>mobile-issues</param-name>
            <param-value>false</param-value>
          </init-param>
        </init-params>
      </service>

      <service id="2">
        <service-type>OptimisticCache</service-type>
        <service-component>ReplicatedCache.Optimistic</service-component>
        <use-filters>
          <filter-name/>
        </use-filters>
      </service>

      <service id="3">
        <service-type>DistributedCache</service-type>
        <service-component>DistributedCache</service-component>
        <use-filters>
          <filter-name/>
        </use-filters>
        <init-params>
          <init-param id="1">
            <param-name>standard-lease-milliseconds</param-name>
            <param-value>0</param-value>
          </init-param>
          <init-param id="2">
            <param-name>lease-granularity</param-name>
            <param-value>thread</param-value>
          </init-param>
          <init-param id="3">
            <param-name>partition-count</param-name>
            <param-value>257</param-value>
          </init-param>
          <init-param id="4">
            <param-name>local-storage</param-name>
            <param-value system-property="tangosol.coherence.distributed.localstorage">true</param-value>
          </init-param>
          <init-param id="5">
            <param-name>transfer-threshold</param-name>
            <param-value system-property="tangosol.coherence.distributed.transfer">512</param-value>
          </init-param>
          <init-param id="6">
            <param-name>backup-count</param-name>
            <param-value>1</param-value>
          </init-param>
          <init-param id="7">
            <param-name>backup-storage/type</param-name>
            <param-value system-property="tangosol.coherence.distributed.backup">on-heap</param-value>
          </init-param>
          <init-param id="8">
            <param-name>thread-count</param-name>
            <param-value system-property="tangosol.coherence.distributed.threads">0</param-value>
          </init-param>
        </init-params>
      </service>

      <service id="4">
        <service-type>Invocation</service-type>
        <service-component>InvocationService</service-component>
        <use-filters>
          <filter-name/>
        </use-filters>
        <init-params>
          <init-param>
            <param-name>thread-count</param-name>
            <param-value system-property="tangosol.coherence.invocation.threads">0</param-value>
          </init-param>
        </init-params>
      </service>

      <service id="5">
        <service-type>LocalCache</service-type>
        <service-component>LocalCache</service-component>
        <init-params>
          <init-param id="1">
            <param-name>lock-enforce</param-name>
            <param-value>false</param-value>
          </init-param>
          <init-param id="2">
            <param-name>lock-wait</param-name>
            <param-value>0</param-value>
          </init-param>
        </init-params>
      </service>

      <service id="6">
        <service-type>SimpleCache</service-type>
        <service-component>SimpleCache</service-component>
      </service>
    </services>

    <filters>
      <filter id="1">
        <filter-name>gzip</filter-name>
        <filter-class>com.tangosol.net.CompressionFilter</filter-class>
        <init-params>
          <init-param id="1">
            <param-name>strategy</param-name>
            <param-value>gzip</param-value>
          </init-param>
          <init-param id="2">
            <param-name>level</param-name>
            <param-value>default</param-value>
          </init-param>
        </init-params>
      </filter>
    </filters>
  </cluster-config>

  <logging-config>
    <destination system-property="tangosol.coherence.log">stderr</destination>
    <severity-level system-property="tangosol.coherence.log.level">3</severity-level>
    <message-format>{date} Tangosol Coherence {version} &lt;{level}&gt; (thread={thread}, member={member}): {text}</message-format>
    <character-limit system-property="tangosol.coherence.log.limit">4096</character-limit>
  </logging-config>

  <configurable-cache-factory-config>
    <class-name>com.tangosol.net.DefaultConfigurableCacheFactory</class-name>
    <init-params>
      <init-param>
        <param-type>java.lang.String</param-type>
        <param-value system-property="tangosol.coherence.cacheconfig">coherence-cache-config.xml</param-value>
      </init-param>
    </init-params>
  </configurable-cache-factory-config>

  <security-config>
    <enabled system-property="tangosol.coherence.security">false</enabled>
    <login-module-name>Coherence</login-module-name>
    <access-controller>
      <class-name>com.tangosol.net.security.DefaultController</class-name>
      <init-params>
        <init-param id="1">
          <param-type>java.io.File</param-type>
          <param-value system-property="tangosol.coherence.security.keystore"></param-value>
        </init-param>
        <init-param id="2">
          <param-type>java.io.File</param-type>
          <param-value system-property="tangosol.coherence.security.permissions"></param-value>
        </init-param>
      </init-params>
    </access-controller>
    <callback-handler>
      <class-name/>
    </callback-handler>
  </security-config>
</coherence>