<?xml version='1.0'?>
<!--
  Copyright (c) 2000, 2020, Oracle and/or its affiliates.

  Licensed under the Universal Permissive License v 1.0 as shown at
  http://oss.oracle.com/licenses/upl.
-->
<license-document>
  <license>
    <software>Oracle Coherence: Data Client</software>
    <licensee>n/a</licensee>
    <type>production</type>
    <id>0x00A800CC0000011295888F24BC6C730B</id>
    <signature>302C02147737DBFAC8F3931DC9A50EFB78A9DF824414054B0214277CACA4CA2B3D01292FBEB080A18DDCC79DBF0F</signature>
  </license>
</license-document>
