<!--
  This XML contains collection of context parameters for web.xml descriptor
  used by the Coherence*web installer.
-->
<web-app>
  <context-param>
    <param-name>coherence-factory-class</param-name>
    <param-value></param-value>
    <description>The fully qualified class name of the SessionHelper Factory
      to use. Defaults to "com.tangosol.coherence.servlet.apiXX.DefaultFactory"
      where "XX" is "22", "23" or "24" for Servlet 2.2, 2.3 and 2.4 containers
      respectively.
    </description>
  </context-param>

  <context-param>
    <param-name>coherence-sessioncollection-class</param-name>
    <param-value>com.tangosol.coherence.servlet.SplitHttpSessionCollection</param-value>
    <description>The fully qualified class name of the HttpSessionCollection
      implementation to use. Possible values include
      "com.tangosol.coherence.servlet.MonolithicHttpSessionCollection",
      "com.tangosol.coherence.servlet.SplitHttpSessionCollection", or
      "com.tangosol.coherence.servlet.TraditionalHttpSessionCollection".
    </description>
  </context-param>

  <context-param>
    <param-name>coherence-cluster-owned</param-name>
    <param-value>true</param-value>
    <description>Either "true" or "false" to indicate whether the cluster
      software is deployed as part of the application and thus must be shut
      down fully by the application when it shuts down. For example, this
      should be set to true if coherence.jar and tangosol.jar are deployed
      within the application "WAR" file.
    </description>
  </context-param>

  <context-param>
    <param-name>coherence-servletcontext-clustered</param-name>
    <param-value>false</param-value>
    <description>Either "true" or "false" to indicate whether the attributes
      of the ServletContext will be clustered. If "true", then all
      serializable ServletContext attribute values will be shared among
      all cluster nodes. The default is false, primarily because the Servlet
      specification indicates that the ServletContext attributes are local
      to a JVM and should not be clustered.
    </description>
  </context-param>

  <context-param>
    <param-name>coherence-servletcontext-cachename</param-name>
    <param-value>servletcontext-storage</param-value>
    <description>The name of the Coherence cache that will be used to hold the
      servlet context data if the servlet context is clustered.
    </description>
  </context-param>

  <context-param>
    <param-name>coherence-eventlisteners</param-name>
    <param-value></param-value>
    <description>The comma-delimited list of names of application classes that
      wish to receive events from the web container. (Servlet 2.3 and later.)
      This list comes from the application listeners declared in the web.xml
      "listener" elements.
    </description>
  </context-param>

  <context-param>
    <param-name>coherence-enable-sessioncontext</param-name>
    <param-value>false</param-value>
    <description>True to allow the application to iterate sessions from the
      session context, thus disobeying the deprecation in the servlet spec.
    </description>
  </context-param>

  <context-param>
    <param-name>coherence-contextless-session-retain-millis</param-name>
    <param-value>200</param-value>
    <description>The number of milliseconds that a server will hold a lock on
      a session while accessing that session without the session being implied
      by the current request context. A session is implied by the current
      request context if and only if the current thread is processing a Serlvet
      request, and the request is associated with that session. All other
      access to a session object is "out of context", for example if a
      reference to an arbitrary session is obtained from a SessionContext
      object (if that option is enabled), or if the application has code
      that holds on to session object references to manage sessions directly.
      Since session access requires session ownership, "out of context"
      access to the session object will automatically obtain ownership on
      behalf of the caller; that ownership will be retained for the number
      of milliseconds specified by this option so that repeated calls to the
      session do not individually obtain and release ownership, which is
      potentially an expensive operation. The legal range is 10 to 10000 
      (from 1/100th of a second up to 10 seconds).
    </description>
  </context-param>

  <context-param>
    <param-name>coherence-session-cookies-enabled</param-name>
    <param-value>true</param-value>
    <description>True to enable session cookies.
    </description>
  </context-param>

  <context-param>
    <param-name>coherence-session-cookie-name</param-name>
    <param-value>JSESSIONID</param-value>
    <description>The name of the session cookie.
    </description>
  </context-param>

  <context-param>
    <param-name>coherence-session-cookie-domain</param-name>
    <param-value></param-value>
    <description>The domain of the session cookie as defined by RFC 2109.
      By default, no domain is set explicitly by the session management
      implementation.
    </description>
  </context-param>

  <context-param>
    <param-name>coherence-session-cookie-path</param-name>
    <param-value></param-value>
    <description>The path of the session cookie as defined by RFC 2109.
      By default, no path is set explicitly by the session management
      implementation.
    </description>
  </context-param>

  <context-param>
    <param-name>coherence-session-cookie-max-age</param-name>
    <param-value>-1</param-value>
    <description>The maximum age in seconds of the session cookie as
      defined by RFC 2109. A value of -1 indicates that the cookie
      will not be persistent on the client; a positive value gives
      the maximum age that the cookie will be persisted by the client.
      Zero is not permitted.
    </description>
  </context-param>

  <context-param>
    <param-name>coherence-session-urlencode-enabled</param-name>
    <param-value>false</param-value>
    <description>True to enable URL encoding of session ids.
    </description>
  </context-param>

  <context-param>
    <param-name>coherence-session-urlencode-name</param-name>
    <param-value>jsessionid</param-value>
    <description>The parameter name to encode the session id into the URL
      with. On some containers, this value cannot be overriden.
    </description>
  </context-param>

  <context-param>
    <param-name>coherence-session-urldecode-bycontainer</param-name>
    <param-value>true</param-value>
    <description>True to use the container's decoding of the URL session ID.
      If "coherence-session-urlencode-name" has been overridden, this must be 
      set to false. Setting this to false will not work in some containers.
    </description>
  </context-param>

  <context-param>
    <param-name>coherence-session-urlencode-bycontainer</param-name>
    <param-value>false</param-value>
    <description>True to use the container's encoding of the URL session ID.
      Setting this to true may conflict with the setting for 
      "coherence-session-urlencode-name" if it has been specified.
    </description>
  </context-param>

  <context-param>
    <param-name>coherence-dispatcher-unwrap-request</param-name>
    <param-value>false</param-value>
    <description>True to force the request dispatcher to unwrap the servlet
      request before forwarding or including. This is primarily to help
      support containers that do not fully implement the Servlet 2.3
      specification.
    </description>
  </context-param>

  <context-param>
    <param-name>coherence-dispatcher-unwrap-response</param-name>
    <param-value>false</param-value>
    <description>True to force the request dispatcher to unwrap the servlet
      response before forwarding or including. This is primarily to help
      support containers that do not fully implement the Servlet 2.3
      specification.
    </description>
  </context-param>

  <context-param>
    <param-name>coherence-reaperdaemon-cluster-coordinated</param-name>
    <param-value>false</param-value>
    <description>True to coordinate reaping in the cluster such that only one
      server will perform reaping within a given reaping cycle, and it will
      be responsible for checking all of the sessions that are being managed
      in the cluster.
    </description>
  </context-param>

  <context-param>
    <param-name>coherence-reaperdaemon-sweep-modulo</param-name>
    <param-value>4</param-value>
    <description>The number of times that the reaper reaps the sessions that
      are being used locally before it will check sessions that may be
      orphaned or expired elsewhere in the cluster. This setting is only used
      when coordinate reaping is disabled. Setting it to 1 for example will
      cause the daemon to check this server's fair share of the session ids
      in the cluster every time that it wakes up to check for expired
      sessions (for example every 60 seconds). Setting it to ten will
      cause those sessions to be checked every 600 seconds instead, but the
      sessions that are being used on this server will still be checked every
      60 seconds.
    </description>
  </context-param>

  <context-param>
    <param-name>coherence-reaperdaemon-assume-locality</param-name>
    <param-value>true</param-value>
    <description>This setting allows the reaper to assume that the sessions
      that are stored on this node (for example, by a distributed cache
      service) are the only sessions that this node needs to check for
      expiry. This value must be set to false if the session storage cache
      is being managed by nodes that are not running a reaper, for example
      if cache servers are being used to manage the session storage cache.
      (It is suggested that if cache servers are being used, that the
      "split" model be selected, and that the session overflow storage be
      run in a separate distributed cache service that is managed entirely
      by the cache servers, while the session storage cache itself remain
      in a distributed cache service that is managed entirely by the
      application server JVMs in order to be able to take advantage of this
      "assume locality" feature.)
    </description>
  </context-param>

  <context-param>
    <param-name>coherence-reaperdaemon-cycle-seconds</param-name>
    <param-value>300</param-value>
    <description>The number of seconds that the daemon rests between reaping.
      For production clusters with long session timeouts, this can safely be
      set higher. For testing, particularly with short session timeouts, it 
      can be set much lower. Setting it too low can cause more network traffic 
      and use more processing cycles, and only has benefit if the application 
      requires the sessions to be invalidated quickly once they have expired.
    </description>
  </context-param>

  <context-param>
    <param-name>coherence-reaperdaemon-priority</param-name>
    <param-value>5</param-value>
    <description>The priority for the session reaper daemon.
      For more information, see the source for the "java.lang.Thread" class.
    </description>
  </context-param>

  <context-param>
    <param-name>coherence-session-cachename</param-name>
    <param-value>session-storage</param-value>
    <description>This name overrides the name of the clustered cache that
      stores the sessions.
    </description>
  </context-param>

  <context-param>
    <param-name>coherence-session-deathcert-cachename</param-name>
    <param-value>session-death-certificates</param-value>
    <description>This name overrides the name of the clustered cache that
      stores the IDs of "recently departed" sessions.
    </description>
  </context-param>

  <context-param>
    <param-name>coherence-session-management-cachename</param-name>
    <param-value>session-management</param-value>
    <description>This name overrides the name of the clustered cache that
      stores the management and configuration information for the session
      management implementation. Generally, it should be configured a
      replicated cache.
    </description>
  </context-param>

  <context-param>
    <param-name>coherence-session-expire-seconds</param-name>
    <param-value>1800</param-value>
    <description>This value overrides the session expiry time, and is
      expressed in seconds. Setting it to -1 will cause sessions to 
      never expire.
    </description>
  </context-param>

  <context-param>
    <param-name>coherence-session-id-length</param-name>
    <param-value>12</param-value>
    <description>This is the length, in characters, of generated session IDs.
      The suggested absolute minimum length is 8.
    </description>
  </context-param>

  <context-param>
    <param-name>coherence-shutdown-delay-seconds</param-name>
    <param-value>0</param-value>
    <description>This value determines how long the session management
      implementation waits before shutting down after receiving the last
      indication that the application has been stopped, either from
      ServletContextListener events (Servlet 2.3 or later) or by the
      destruction of Servlet and Filter objects. This value is expressed
      in seconds. A value of zero indicates synchronous shut-down; any
      positive value indicates asynchronous shut-down. The default is 0,
      because some servers are not capable of asynchronous shut-down.
    </description>
  </context-param>

  <context-param>
    <param-name>coherence-session-thread-locking</param-name>
    <param-value>false</param-value>
    <description>This value, if set to true, will prevent two threads on a
      JVM from processing a request for the same session at the same time.
    </description>
  </context-param>

  <context-param>
    <param-name>coherence-session-strict-spec</param-name>
    <param-value>true</param-value>
    <description>This value, if set to true, will indicate that the
      implementation will strictly adhere to the Servlet specification;
      setting it to false will allow the implementation to ignore certain
      types of exceptions, instead of shutting down the application.
    </description>
  </context-param>

  <context-param>
    <param-name>coherence-sticky-sessions</param-name>
    <param-value>true</param-value>
    <description>This value, if set to true, specifies whether sticky
      sessions optimizations will be used. This should only be turned on if a
      sticky load balancer is being used. This feature requires
      Coherence Enterprise edition license.
    </description>
  </context-param>

  <context-param>
    <param-name>coherence-distributioncontroller-class</param-name>
    <param-value></param-value>
    <description>This value specifies a class name of the
      com.tangosol.coherence.servlet.HttpSessionCollection.SessionDistributionController
      interface implementation to use. This feature requires
      "coherence-sticky-sessions" optimization be turned on.
    </description>
  </context-param>

  <context-param>
    <param-name>coherence-preserve-attributes</param-name>
    <param-value>true</param-value>
    <description>This value, if set to true, specifies whether non-serializable 
      attributes should be preserved as local ones. This feature requires
      "coherence-sticky-sessions" optimization be turned on.
    </description>
  </context-param>

  <context-param>
    <param-name>coherence-local-session-cachename</param-name>
    <param-value>local-session-storage</param-value>
    <description>This name overrides the name of the local cache that
      stores non-distributed sessions when
      "coherence-distributioncontroller-class" parameter is specified.
    </description>
  </context-param>

  <context-param>
    <param-name>coherence-local-attribute-cachename</param-name>
    <param-value>local-attribute-storage</param-value>
    <description>This name overrides the name of the local cache
      that stores non-distributed sessions when either
      "coherence-sessiondistributioncontroller-class" parameter is
      specified or "coherence-preserve-attributes" parameter is true.
    </description>
  </context-param>

  <context-param>
    <param-name>coherence-session-overflow-cachename</param-name>
    <param-value>session-overflow</param-value>
    <description>For the split model, this value overrides the name of the
      clustered cache that stores the "large attributes" that exceed a
      certain size and thus are determined to be more efficiently managed
      as separate cache entries and not as part of the serialized session
      object itself.
    </description>
  </context-param>

  <context-param>
    <param-name>coherence-attribute-overflow-threshold</param-name>
    <param-value>512</param-value>
    <description>For the split model, this value specifies the minimum length
      (in bytes) that the serialized form of an attribute value must be in
      order for that attribute value to be stored in the separate "overflow"
      cache that is reserved for large attributes.
    </description>
  </context-param>

  <listener>
    <required>false</required>
    <listener-class>com.tangosol.coherence.servlet.api23.ServletContextAttributeListenerImpl</listener-class>
  </listener>
  <listener>
    <required>true</required>
    <listener-class>com.tangosol.coherence.servlet.api23.ServletContextListenerImpl</listener-class>
  </listener>
</web-app>