<?xml version="1.0"?>
<!DOCTYPE cache-config SYSTEM "cache-config.dtd">

<cache-config>
  <caching-scheme-mapping>
    <!-- 
    Caches with any name will be created as default replicated.   
    -->
    <cache-mapping>
      <cache-name>*</cache-name>
      <scheme-name>default-replicated</scheme-name>
    </cache-mapping>
    <cache-mapping>
      <cache-name>repl-*</cache-name>
      <scheme-name>default-replicated</scheme-name>
    </cache-mapping>
    <cache-mapping>
      <cache-name>dist-*</cache-name>
      <scheme-name>default-distributed</scheme-name>
    </cache-mapping>
    <cache-mapping>
      <cache-name>opt-*</cache-name>
      <scheme-name>default-optimistic</scheme-name>
    </cache-mapping>
    <cache-mapping>
      <cache-name>near-*</cache-name>
      <scheme-name>default-near</scheme-name>
    </cache-mapping>
    <cache-mapping>
      <cache-name>local-*</cache-name>
      <scheme-name>default-eviction</scheme-name>
    </cache-mapping>
  </caching-scheme-mapping>

  <caching-schemes>
    <!-- 
    Default Replicated caching scheme.
    -->
    <replicated-scheme>
      <scheme-name>default-replicated</scheme-name>
      <service-name>ReplicatedCache</service-name>

      <backing-map-scheme>
        <class-scheme>
          <scheme-ref>default-backing-map</scheme-ref>
        </class-scheme>
      </backing-map-scheme>

      <autostart>true</autostart>
    </replicated-scheme>

    <!-- 
    Default Distributed caching scheme.
    -->
    <distributed-scheme>
      <scheme-name>default-distributed</scheme-name>
      <service-name>DistributedCache</service-name>

      <backing-map-scheme>
        <local-scheme>
          <scheme-ref>default-eviction</scheme-ref>
        </local-scheme>
      </backing-map-scheme>

      <autostart>true</autostart>
    </distributed-scheme>

    <!-- 
    Default Optimistic caching scheme.
    -->
    <optimistic-scheme>
      <scheme-name>default-optimistic</scheme-name>
      <service-name>OptimisticCache</service-name>

      <backing-map-scheme>
        <local-scheme>
          <scheme-ref>default-eviction</scheme-ref>
          <high-units>10000</high-units>
        </local-scheme>
      </backing-map-scheme>

      <autostart>true</autostart>
    </optimistic-scheme>

    <!-- 
    Default backing map scheme definition used by all the caches that do 
    not require any eviction policies 
    -->
    <class-scheme>
      <scheme-name>default-backing-map</scheme-name>

      <class-name>com.tangosol.util.SafeHashMap</class-name>
      <init-params></init-params>
    </class-scheme>

    <!-- 
    Default eviction policy scheme. 
    -->
    <local-scheme>
      <scheme-name>default-eviction</scheme-name>

      <eviction-policy>HYBRID</eviction-policy>
      <high-units>0</high-units>
      <low-units>0</low-units>
      <expiry-delay>3600</expiry-delay>
      <flush-delay>0</flush-delay>

      <cachestore-scheme></cachestore-scheme>
    </local-scheme>

    <!-- 
    Default simple Near caching scheme with default eviction local cache 
    in the front-tier and a non-expiring distributed cache in the back-tier.
    -->
    <near-scheme>
      <scheme-name>default-near</scheme-name>

      <front-scheme>
        <local-scheme>
          <scheme-ref>default-eviction</scheme-ref>
        </local-scheme>
      </front-scheme>
      
      <back-scheme>
        <distributed-scheme>
          <scheme-ref>default-distributed</scheme-ref>
        </distributed-scheme>
      </back-scheme>
      
      <invalidation-strategy>auto</invalidation-strategy>
      <autostart>false</autostart>
    </near-scheme>
    
   <!-- 
    Default ReadWriteBackingMap caching scheme.
    -->
    <read-write-backing-map-scheme>
      <scheme-name>default-read-write</scheme-name>

      <internal-cache-scheme>
        <local-scheme>
          <scheme-ref>default-eviction</scheme-ref>
        </local-scheme>
      </internal-cache-scheme>

      <cachestore-scheme></cachestore-scheme>

      <read-only>true</read-only>
      <write-delay-seconds>0</write-delay-seconds>
    </read-write-backing-map-scheme>

    <!-- 
    Default Overflow caching scheme with default eviction local cache 
    in the front-tier and the default disk-based cache in the back-tier.
    -->
    <overflow-scheme>
      <scheme-name>default-overflow</scheme-name>

      <front-scheme>
        <local-scheme>
          <scheme-ref>default-eviction</scheme-ref>
        </local-scheme>
      </front-scheme>

      <back-scheme>
        <disk-scheme>
          <scheme-ref>default-disk</scheme-ref>
        </disk-scheme>
      </back-scheme>
    </overflow-scheme>

    <!-- 
    Default disk caching scheme using LH.
    -->
    <disk-scheme>
      <scheme-name>default-disk</scheme-name>

      <file-manager>LH</file-manager>
      <directory></directory>
      <high-units>0</high-units>
      <page-limit>0</page-limit>
      <page-duration>0</page-duration>
    </disk-scheme>

    <!-- 
    Default disk caching scheme using memory-mapped files.
    -->
    <disk-scheme>
      <scheme-name>default-nio</scheme-name>

      <file-manager>NIO-file</file-manager>
      <directory></directory>
      <high-units>0</high-units>
      <initial-size>8</initial-size>
      <maximum-size>512</maximum-size>
      <page-limit>0</page-limit>
      <page-duration>0</page-duration>
    </disk-scheme>

    <!-- 
    Default Invocation Service scheme.
    -->
    <invocation-scheme>
      <scheme-name>default-invocation</scheme-name>
      <service-name>InvocationService</service-name>

      <autostart>true</autostart>
    </invocation-scheme>

  </caching-schemes>
</cache-config>
